Workbook
Name \: [1]metode!#REF!
Name \0: [2]A!$J$3
Name \1: '[3]AnalisaFas.O&P'!$O$8:$O$11
Name \a: #REF!
Name \b: #REF!
Name \c: #REF!
Name \D: '[3]AnalisaFas.O&P'!$O$23:$O$26
Name \E: '[3]AnalisaFas.O&P'!$O$28:$O$31
Name \F: '[3]AnalisaFas.O&P'!$O$33:$O$36
Name \G: '[3]AnalisaFas.O&P'!$O$38:$O$41
Name \H: '[3]AnalisaFas.O&P'!$O$43:$O$46
Name \i: #N/A
Name \J: '[3]AnalisaFas.O&P'!$O$53:$O$56
Name \K: '[3]AnalisaFas.O&P'!$O$58:$O$61
Name \L: '[3]AnalisaFas.O&P'!$O$63:$O$66
Name \M: [2]A!$J$40
Name \N: '[3]AnalisaFas.O&P'!$S$7:$S$10
Name \O: '[3]AnalisaFas.O&P'!$S$13:$S$16
Name \P: [2]A!$J$5
Name \q: #REF!
Name \R: '[3]AnalisaFas.O&P'!$S$28:$S$31
Name \S: [2]A!$J$34
Name \T: #REF!
Name \u: '[4]3'!#REF!
Name \v: '[4]3'!#REF!
Name \w: '[4]3'!#REF!
Name \x: #REF!
Name \y: '[4]3'!#REF!
Name \z: '[4]3'!#REF!
Name __?___RIGHT__?_: #REF!
Name ___________________________________PVC50: [5]DAF.HRG!$W$19
Name ___________________________________PVC75: [5]DAF.HRG!$W$18
Name __________________________________PVC50: [5]DAF.HRG!$W$19
Name __________________________________PVC75: [5]DAF.HRG!$W$18
Name _________________________________PVC50: [5]DAF.HRG!$W$19
Name _________________________________PVC75: [5]DAF.HRG!$W$18
Name ______________________________arr3: {"Book1","4.09 FLORA DAN FAUNA.xls","4.22 PERLENGKAPAN SEKOLAH.xls"}
Name ______________________________mas1: {"Book1","4.09 FLORA DAN FAUNA.xls","4.22 PERLENGKAPAN SEKOLAH.xls"}
Name ______________________________mas12: {"Book1","4.09 FLORA DAN FAUNA.xls","4.22 PERLENGKAPAN SEKOLAH.xls"}
Name ______________________________mas4: {"Book1","4.09 FLORA DAN FAUNA.xls","4.22 PERLENGKAPAN SEKOLAH.xls"}
Name ______________________________mas5: {"Book1","4.09 FLORA DAN FAUNA.xls","4.22 PERLENGKAPAN SEKOLAH.xls"}
Name ______________________________mas6: {"Book1","4.09 FLORA DAN FAUNA.xls","4.22 PERLENGKAPAN SEKOLAH.xls"}
Name ______________________________mas7: {"Book1","4.09 FLORA DAN FAUNA.xls","4.22 PERLENGKAPAN SEKOLAH.xls"}
Name ______________________________mas8: {"Book1","4.09 FLORA DAN FAUNA.xls","4.22 PERLENGKAPAN SEKOLAH.xls"}
Name ______________________________mas9: {"Book1","4.09 FLORA DAN FAUNA.xls","4.22 PERLENGKAPAN SEKOLAH.xls"}
Name ______________________________me1: {"Book1","4.09 FLORA DAN FAUNA.xls","4.22 PERLENGKAPAN SEKOLAH.xls"}
Name ______________________________me2: {"Book1","4.09 FLORA DAN FAUNA.xls","4.22 PERLENGKAPAN SEKOLAH.xls"}
Name ______________________________me3: {"Book1","4.09 FLORA DAN FAUNA.xls","4.22 PERLENGKAPAN SEKOLAH.xls"}
Name ______________________________me4: {"Book1","4.09 FLORA DAN FAUNA.xls","4.22 PERLENGKAPAN SEKOLAH.xls"}
Name ______________________________me5: {"Book1","4.09 FLORA DAN FAUNA.xls","4.22 PERLENGKAPAN SEKOLAH.xls"}
Name ______________________________mek3: {"Book1","4.09 FLORA DAN FAUNA.xls","4.22 PERLENGKAPAN SEKOLAH.xls"}
Name ______________________________mek5: {"Book1","4.09 FLORA DAN FAUNA.xls","4.22 PERLENGKAPAN SEKOLAH.xls"}
Name _____________________________arr3: {"Book1","4.09 FLORA DAN FAUNA.xls","4.22 PERLENGKAPAN SEKOLAH.xls"}
Name _____________________________der4: {"Book1","4.09 FLORA DAN FAUNA.xls","4.22 PERLENGKAPAN SEKOLAH.xls"}
Name _____________________________mas1: {"Book1","4.09 FLORA DAN FAUNA.xls","4.22 PERLENGKAPAN SEKOLAH.xls"}
Name _____________________________mas12: {"Book1","4.09 FLORA DAN FAUNA.xls","4.22 PERLENGKAPAN SEKOLAH.xls"}
Name _____________________________mas2: {"Book1","4.09 FLORA DAN FAUNA.xls","4.22 PERLENGKAPAN SEKOLAH.xls"}
Name _____________________________mas4: {"Book1","4.09 FLORA DAN FAUNA.xls","4.22 PERLENGKAPAN SEKOLAH.xls"}
Name _____________________________mas5: {"Book1","4.09 FLORA DAN FAUNA.xls","4.22 PERLENGKAPAN SEKOLAH.xls"}
Name _____________________________mas6: {"Book1","4.09 FLORA DAN FAUNA.xls","4.22 PERLENGKAPAN SEKOLAH.xls"}

Sheet REKAP ANALISA
B1: REKAP ANALISIS HARGA SATUAN PEKERJAAN (AHSP) BIDANG CIPTA KARYA
B5: HARGA SATUAN PEKERJAAN
B6: No | C6: Kode | E6: Jenis Pekerjaan | F6: Satuan | G6: Harga
B7: PP | C7: A.2.2.1 | D7: HARGA SATUAN PEKERJAAN PERSIAPAN
B8: 1 | C8: PP1 | D8: A.2.2.1.1. | E8: (K3) Pembuatan 1 m2 pagar sementara dari kayu tinggi 2 meter | F8: m2 | G8: =VLOOKUP(C8,ANALISA!$B:$I,8,0) -> 709983.77
B9: 2 | C9: PP2 | D9: A.2.2.1.2 | E9: (K3) Pembuatan 1 m2 pagar sementara dari seng gelombang tinggi 2 meter | F9: m2 | G9: =VLOOKUP(C9,ANALISA!$B:$I,8,0) -> 873324.92
B10: 3 | C10: PP3 | D10: A.2.2.1.3. | E10: Pembuatan 1 m2 pagar sementara dari kawat duri tinggi 1,8 meter | F10: m2 | G10: =VLOOKUP(C10,ANALISA!$B:$I,8,0) -> 456915.69
B11: 4 | C11: PP4 | D11: A.2.2.1.4. | E11: Pengukuran dan pemasangan 1 m’ Bouwplank | F11: m' | G11: =VLOOKUP(C11,ANALISA!$B:$I,8,0) -> 216295.68
B12: 5 | C12: PP5 | D12: A.2.2.1.5. | E12: (K3) Pembuatan 1 m2 kantor sementara lantai plesteran | F12: m2 | G12: =VLOOKUP(C12,ANALISA!$B:$I,8,0) -> 2700456.1
B13: 6 | C13: PP6 | D13: A.2.2.1.6. | E13: (K3) Pembuatan 1 m2 rumah jaga (konstruksi kayu ) | F13: m2 | G13: =VLOOKUP(C13,ANALISA!$B:$I,8,0) -> 2969699.1
B14: 7 | C14: PP7 | D14: A.2.2.1.7. | E14: (K3) Pembuatan 1 m2 gudang semen dan peralatan | F14: m2 | G14: =VLOOKUP(C14,ANALISA!$B:$I,8,0) -> 2510998.2
B15: 8 | C15: PP8 | D15: A.2.2.1.8. | E15: (K3) Pembuatan 1 m2 bedeng pekerja | F15: m2 | G15: =VLOOKUP(C15,ANALISA!$B:$I,8,0) -> 2364978.8
B16: 9 | C16: PP9 | D16: A.2.2.1.9. | E16: (K3) Pembersihan 1 m2 lapangan dan perataan | F16: m2 | G16: =VLOOKUP(C16,ANALISA!$B:$I,8,0) -> 16260.75
B17: 10 | C17: PP10 | D17: A.2.2.1.10. | E17: (K3) Pembuatan 1 m2 steger/perancah dari bambu | F17: m2 | G17: =VLOOKUP(C17,ANALISA!$B:$I,8,0) -> 384382.45
B18: 11 | C18: PP11 | D18: A.2.2.1.11. | E18: Pembuatan 1 buah kotak adukan ukuran 40cm x50cm x25cm | F18: Buah | G18: =VLOOKUP(C18,ANALISA!$B:$I,8,0) -> 164795.31
B19: 12 | C19: PP12 | D19: A.2.2.1.12. | E19: Pembuatan 1 m2 jalan sementara | F19: m2 | G19: =VLOOKUP(C19,ANALISA!$B:$I,8,0) -> 165836.65
... B23: 16 | C23: PP16 | D23: A.2.2.1.16. | E23: Pemasangan 1 m2 panel beton pracetak 5x50x240 cm | F23: m2 | G23: =VLOOKUP(C23,ANALISA!$B:$I,8,0) -> 2163793.6
B25: PT | C25: A.2.3.1 | D25: HARGA SATUAN PEKERJAAN TANAH
B26: 17 | C26: PT1 | D26: A.2.3.1.1. | E26: Penggalian 1 m3 tanah biasa sedalam 1 m | F26: m3 | G26: =VLOOKUP(C26,ANALISA!$B:$I,8,0) -> 79414.875
B27: 18 | C27: PT2 | D27: A.2.3.1.2. | E27: Penggalian 1 m3 tanah biasa sedalam 2 m | F27: m3 | G27: =VLOOKUP(C27,ANALISA!$B:$I,8,0) -> 97121.025
B28: 19 | C28: PT3 | D28: A.2.3.1.3. | E28: Menggali 1 m3 tanah biasa sedalam 3 m | F28: m3 | G28: =VLOOKUP(C28,ANALISA!$B:$I,8,0) -> 115070.26
B29: 20 | C29: PT4 | D29: A.2.3.1.4. | E29: Menggali 1 m3 tanah keras sedalam 1 m | F29: m3 | G29: =VLOOKUP(C29,ANALISA!$B:$I,8,0) -> 105724.44
B30: 21 | C30: PT5 | D30: A.2.3.1.5. | E30: Menggali 1 m3 tanah cadas sedalam 1 m | F30: m3 | G30: =VLOOKUP(C30,ANALISA!$B:$I,8,0) -> 160045.2
B31: 22 | C31: PT6 | D31: A.2.3.1.6. | E31: Menggali 1 m3 tanah lumpur sedalam 1 m | F31: m3 | G31: =VLOOKUP(C31,ANALISA!$B:$I,8,0) -> 127671.52
B32: 23 | C32: PT7 | D32: A.2.3.1.7. | E32: Pengerjaan stripping 1 m2 tanah tebing setinggi 1 meter | F32: m2 | G32: =VLOOKUP(C32,ANALISA!$B:$I,8,0) -> 5699.475
B33: 24 | C33: PT8 | D33: A.2.3.1.8. | E33: (K3) Pembuangan 1 m3 tanah sejauh 30 meter | F33: m3 | G33: =VLOOKUP(C33,ANALISA!$B:$I,8,0) -> 34821
B34: 25 | C34: PT9 | D34: A.2.3.1.9. | E34: Pengurugan kembali 1 m3 galian tanah (1/3 Galian;-Tanah Biasa Sedalam 1 M) | F34: m3 | G34: =VLOOKUP(C34,ANALISA!$B:$I,8,0) -> 28497.375
B35: 26 | C35: PT10 | D35: A.2.3.1.10. | E35: (K3) Pemadatan tanah 1 m3 tanah ( per 20 cm) | F35: m3 | G35: =VLOOKUP(C35,ANALISA!$B:$I,8,0) -> 56994.75
B36: 27 | C36: PT11 | D36: A.2.3.1.11. | E36: Pengurugan 1 m3 dengan pasir urug | F36: m3 | G36: =VLOOKUP(C36,ANALISA!$B:$I,8,0) -> 163560.15
B37: 28 | C37: PT12 | D37: A.2.3.1.12. | E37: Pemasangan 1 m3 lapisan pudel campuran 1KP:3PP:7TL | F37: m3 | G37: =VLOOKUP(C37,ANALISA!$B:$I,8,0) -> 326789.83
... B39: 30 | C39: PT14 | D39: A.2.3.1.14. | E39: Pengurugan 1 m3 sirtu padat | F39: m3 | G39: =VLOOKUP(C39,ANALISA!$B:$I,8,0) -> 210486.38
B41: PD | C41: A.3.2.2 | D41: HARGA SATUAN PEKERJAAN PONDASI
B42: 31 | C42: PD1 | D42: A.3.2.1.1. | E42: Pemasangan 1 m3 pondasi batu belah campuran 1SP : 3PP | F42: m3 | G42: =VLOOKUP(C42,ANALISA!$B:$I,8,0) -> 877049.56
B43: 32 | C43: PD2 | D43: A.3.2.1.2. | E43: Pemasangan 1 m3 pondasi batu belah campuran 1SP : 4PP | F43: m3 | G43: =VLOOKUP(C43,ANALISA!$B:$I,8,0) -> 828692.71
B44: 33 | C44: PD3 | D44: A.3.2.1.3. | E44: Pemasangan 1 m3 pondasi batu belah campuran 1SP : 5PP | F44: m3 | G44: =VLOOKUP(C44,ANALISA!$B:$I,8,0) -> 795181.77
B45: 34 | C45: PD4 | D45: A.3.2.1.4. | E45: Pemasangan 1 m3 pondasi batu belah campuran 1SP : 6PP | F45: m3 | G45: =VLOOKUP(C45,ANALISA!$B:$I,8,0) -> 771615.95
B46: 35 | C46: PD5 | D46: A.3.2.1.5. | E46: Pemasangan 1 m3 pondasi batu belah campuran 1SP : 8PP | F46: m3 | G46: =VLOOKUP(C46,ANALISA!$B:$I,8,0) -> 739330.2
B47: 36 | C47: PD6 | D47: A.3.2.1.6. | E47: Pemasangan 1 m3 pondasi batu belah campuran 1SP : 1KP : 2PP | F47: m3 | G47: =VLOOKUP(C47,ANALISA!$B:$I,8,0) -> 833245.72
B48: 37 | C48: PD7 | D48: A.3.2.1.7. | E48: Pemasangan 1 m3 pondasi batu belah campuran 1 SP : 3 KP : 10 PP | F48: m3 | G48: =VLOOKUP(C48,ANALISA!$B:$I,8,0) -> 703056.58
B49: 38 | C49: PD8 | D49: A.3.2.1.8. | E49: Pemasangan 1 m3 pondasi batu belah campuran ¼ SP : 1 KP : 4PP | F49: m3 | G49: =VLOOKUP(C49,ANALISA!$B:$I,8,0) -> 678173.03
B50: 39 | C50: PD9 | D50: A.3.2.1.9. | E50: Pemasangan 1 m3 batu kosong (anstamping) | F50: m3 | G50: =VLOOKUP(C50,ANALISA!$B:$I,8,0) -> 457877.1
B51: 40 | C51: PD10 | D51: A.3.2.1.10. | E51: (K3) Pemasangan 1 m3 pondasi siklop, 60% beton campuran 1SP : 2 PB : 3 Kr dan 40% batu | F51: m3 | G51: =VLOOKUP(C51,ANALISA!$B:$I,8,0) -> 2404221
B52: 41 | C52: PD11 | D52: A.3.2.1.11. | E52: Pemasangan 1 m3 pondasi sumuran, diameter 100 cm | F52: m3 | G52: =VLOOKUP(C52,ANALISA!$B:$I,8,0) -> 873979.29
B54: PB | C54: A.4.1.1 | D54: HARGA SATUAN PEKERJAAN BETON
B55: 42 | C55: PB1 | D55: A.4.1.1.1 | E55: Membuat 1 m3 beton mutu f’c = 7,4 MPa (K 100) | F55: m3 | G55: =VLOOKUP(C55,ANALISA!$B:$I,8,0) -> 856011.87
B56: 43 | C56: PB2 | D56: A.4.1.1.2 | E56: Membuat 1 m3 beton mutu f’= 9,8 MPa (K 125) | F56: m3 | G56: =VLOOKUP(C56,ANALISA!$B:$I,8,0) -> 891106.62
B57: 44 | C57: PB3 | D57: A.4.1.1.3 | E57: Membuat 1 m3 beton mutu f’= 12,2 MPa (K 150) | F57: m3 | G57: =VLOOKUP(C57,ANALISA!$B:$I,8,0) -> 918645.87
B58: 45 | C58: PB4 | D58: A.4.1.1.4 | E58: Membuat 1 m3 lantai kerja beton mutu f’c = 7,4 MPa (K 100), slump (3-6) cm, w/c = 087 | F58: m3 | G58: =VLOOKUP(C58,ANALISA!$B:$I,8,0) -> 783669.6
B59: 46 | C59: PB5 | D59: A.4.1.1.5. | E59: Membuat 1 m3 beton mutu f’ = 14,5 MPa (K 175), slump (12 ±2) cm, w/c = 0,66 | F59: m3 | G59: =VLOOKUP(C59,ANALISA!$B:$I,8,0) -> 951167.37
B60: 47 | C60: PB6 | D60: A.4.1.1.6 | E60: Membuat 1 m3 beton mutu f’= 16,9 MPa (K 200), slump (120 ± 20) mm, w/c = 0,61 | F60: m3 | G60: =VLOOKUP(C60,ANALISA!$B:$I,8,0) -> 982320.12
B61: 48 | C61: PB7 | D61: A.4.1.1.7. | E61: Membuat 1 m3 beton mutu f’ = 19,3 MPa (K 225), slump (120 ± 20) mm, w/c = 0,58 | F61: m3 | G61: =VLOOKUP(C61,ANALISA!$B:$I,8,0) -> 1005534.1
B62: 49 | C62: PB8 | D62: A.4.1.1.8. | E62: Membuat 1 m3 beton mutu f’= 21,7 MPa (K 250), slump (120 ± 20) mm, w/c = 0,56 | F62: m3 | G62: =VLOOKUP(C62,ANALISA!$B:$I,8,0) -> 1021028.4
B63: 50 | C63: PB9 | D63: A.4.1.1.9. | E63: Membuat 1 m3 beton mutu f’ = 24,0 MPa (K 275), slump (120 ± 20) mm, w/c = 0,53 | F63: m3 | G63: =VLOOKUP(C63,ANALISA!$B:$I,8,0) -> 1047691.6
B64: 51 | C64: PB10 | D64: A.4.1.1.10. | E64: Membuat 1 m3 beton mutu f’c = 26,4 MPa (K 300), slump (120 ± 20) mm, w/c = 0,52 | F64: m3 | G64: =VLOOKUP(C64,ANALISA!$B:$I,8,0) -> 1055958.9
B65: 52 | C65: PB11 | D65: A.4.1.1.11. | E65: Membuat 1 m3 beton mutu f’c = 28,8 MPa (K 325), slump (120 ± 20) mm, w/c = 0,49 | F65: m3 | G65: =VLOOKUP(C65,ANALISA!$B:$I,8,0) -> 1144636.4
B66: 53 | C66: PB12 | D66: A.4.1.1.12. | E66: Membuat 1 m3 beton mutu f’c = 31,2 MPa (K 350), slump (120 ± 20) mm, w/c = 0,48 | F66: m3 | G66: =VLOOKUP(C66,ANALISA!$B:$I,8,0) -> 1155476.9
B67: 54 | C67: PB13 | D67: A.4.1.1.13 | E67: Membuat 1 m3 beton kedap air dengan strorox - 100 | F67: m3 | G67: =VLOOKUP(C67,ANALISA!$B:$I,8,0) -> 1025924.1
B68: 55 | C68: PB14 | D68: A.4.1.1.14 | E68: Pemasangan 1 m’ PVC Waterstop lebar 150 mm | F68: m' | G68: =VLOOKUP(C68,ANALISA!$B:$I,8,0) -> 243786.42
B69: 56 | C69: PB15 | D69: A.4.1.1.15 | E69: Pemasangan 1 m’ PVC Waterstop lebar 200 mm | F69: m' | G69: =VLOOKUP(C69,ANALISA!$B:$I,8,0) -> 315963.34
B70: 57 | C70: PB16 | D70: A.4.1.1.16 | E70: Membuat 1 m’ PVC Waterstop lebar 230 mm - 320 mm | F70: m' | G70: =VLOOKUP(C70,ANALISA!$B:$I,8,0) -> 348541.78
B71: 58 | C71: PB17 | D71: A.4.1.1.17 | E71: Pembesian 10 kg dengan besi polos atau besi ulir | F71: 10kg | G71: =VLOOKUP(C71,ANALISA!$B:$I,8,0) -> 133377.57
B72: 59 | C72: PB18 | D72: A.4.1.1.18 | E72: Pemasangan 10 kg kabel presstressed polos/strands | F72: 10kg | G72: =VLOOKUP(C72,ANALISA!$B:$I,8,0) -> 128019.74
B73: 60 | C73: PB19 | D73: A.4.1.1.19 | E73: Pemasangan 10 kg jaring kawat baja (wiremesh) | F73: 10kg | G73: =VLOOKUP(C73,ANALISA!$B:$I,8,0) -> 433495.17
B74: 61 | C74: PB20 | D74: A.4.1.1.20 | E74: (K3) Pemasangan 1 m2 bekisting untuk pondasi | F74: m2 | G74: =VLOOKUP(C74,ANALISA!$B:$I,8,0) -> 188272.11
B75: 62 | C75: PB21 | D75: A.4.1.1.21 | E75: (K3) Pemasangan 1 m2 bekisting untuk sloof | F75: m2 | G75: =VLOOKUP(C75,ANALISA!$B:$I,8,0) -> 199708.84
B76: 63 | C76: PB22 | D76: A.4.1.1.22 | E76: (K3) Pemasangan 1 m2 bekisting untuk kolom | F76: m2 | G76: =VLOOKUP(C76,ANALISA!$B:$I,8,0) -> 330010.01
B77: 64 | C77: PB23 | D77: A.4.1.1.23 | E77: (K3) Pemasangan 1 m2 bekisting untuk balok | F77: m2 | G77: =VLOOKUP(C77,ANALISA!$B:$I,8,0) -> 342458.51
B78: 65 | C78: PB24 | D78: A.4.1.1.24 | E78: (K3) Pemasangan 1 m2 bekisting untuk lantai | F78: m2 | G78: =VLOOKUP(C78,ANALISA!$B:$I,8,0) -> 465790.01
... B90: 77 | C90: PB36 | D90: A.4.1.1.36 | E90: Membuat 1 m’ ring balok beton bertulang (10 x 15) cm | F90: m' | G90: =VLOOKUP(C90,ANALISA!$B:$I,8,0) -> 149545.68
B92: PB | C92: A.4.1.2 | D92: HARGA SATUAN PEKERJAAN BETON PRACETAK
B93: 78 | C93: PB37 | D93: A.4.1.2.1. | E93: (K3) Pembuatan 1 m2 lahan produksi tebal 8cm beton f’c 14,5 Mpa (K 175) slump (120 ± 20) mm | F93: m2 | G93: =VLOOKUP(C93,ANALISA!$B:$I,8,0) -> 76109.289
B94: 79 | C94: PB38 | D94: A.4.1.2.2. | E94: (K3) Pembuatan 1 m2 lahan produksi tebal 10 cm beton f’c 14,5 Mpa (K 175) slump (120 ± 20) mm | F94: m2 | G94: =VLOOKUP(C94,ANALISA!$B:$I,8,0) -> 95157.143
B95: 80 | C95: PB39 | D95: A.4.1.2.3. | E95: (K3) Pembuatan 1 m2 lahan produksi tebal 12 cm beton f’c 14,5 Mpa (K 175) slump (120 ± 20) mm | F95: m2 | G95: =VLOOKUP(C95,ANALISA!$B:$I,8,0) -> 104521.91
B96: 81 | C96: PB40 | D96: A.4.1.2.4. | E96: (K3) Pembuatan 1 m2 lahan produksi tebal 15 cm beton f’c 14,5 Mpa (K 175) slump (120 ± 20) mm | F96: m2 | G96: =VLOOKUP(C96,ANALISA!$B:$I,8,0) -> 142742.83
B97: 82 | C97: PB41 | D97: A.4.1.2.5. | E97: Pembuatan 1 m2 bekisting untuk plat beton pracetak ( 5 kali pakai) | F97: m2 | G97: =VLOOKUP(C97,ANALISA!$B:$I,8,0) -> 344941.42
B98: 83 | C98: PB42 | D98: A.4.1.2.6. | E98: Pembuatan 1 m2 bekisting untuk balok beton pracetak ( 10-12 kali pakai) | F98: m2 | G98: =VLOOKUP(C98,ANALISA!$B:$I,8,0) -> 76116.735
B99: 84 | C99: PB43 | D99: A.4.1.2.7. | E99: Pembuatan 1 m2 bekisting untuk kolom beton pracetak (10-12 kali pakai) | F99: m2 | G99: =VLOOKUP(C99,ANALISA!$B:$I,8,0) -> 69892.755
B100: 85 | C100: PB44 | D100: A.4.1.2.8. | E100: Pemasangan dan membuka bekisting 1 buah komponen plat beton pracetak | F100: Buah | G100: =VLOOKUP(C100,ANALISA!$B:$I,8,0) -> 7936.56
B101: 86 | C101: PB45 | D101: A.4.1.2.9. | E101: Pemasangan dan membuka bekisting 1 buah komponen balok beton pracetak | F101: Buah | G101: =VLOOKUP(C101,ANALISA!$B:$I,8,0) -> 12890.34
B102: 87 | C102: PB46 | D102: A.4.1.2.10. | E102: Pemasangan dan membuka bekisting 1 buah komponen Kolom beton pracetak | F102: Buah | G102: =VLOOKUP(C102,ANALISA!$B:$I,8,0) -> 10413.45
B103: 88 | C103: PB47 | D103: A.4.1.2.11. | E103: Penuangan/menebar beton untuk 1 buah komponen plat pracetak | F103: Buah | G103: =VLOOKUP(C103,ANALISA!$B:$I,8,0) -> 59255.925
B104: 89 | C104: PB48 | D104: A.4.1.2.12. | E104: Penuangan/menebar beton untuk 1 buah komponen balok pracetak | F104: Buah | G104: =VLOOKUP(C104,ANALISA!$B:$I,8,0) -> 60971.79
... B116: 101 | C116: PB60 | D116: A.4.1.2.24. | E116: Upah 1 titik Join dengan Sling | F116: Titik | G116: =VLOOKUP(C116,ANALISA!$B:$I,8,0) -> 70957.095
B118: PBA | C118: A.4.2.1 | D118: HARGA SATUAN PEKERJAAN BESI DAN ALUMUNIUM
B119: 102 | C119: PBA1 | D119: A.4.2.1.1. | E119: Pemasangan 1 kg besi profil | F119: 1 kg | G119: =VLOOKUP(C119,ANALISA!$B:$I,8,0) -> 28657.792
B120: 103 | C120: PBA2 | D120: A.4.2.1.2. | E120: Pemasangan 1 kg rangka kuda-kuda baja IWF | F120: 1 kg | G120: =VLOOKUP(C120,ANALISA!$B:$I,8,0) -> 28657.792
B121: 104 | C121: PBA3 | D121: A.4.2.1.3. | E121: Pengerjaan 100 kg pekerjaan perakitan | F121: 100 kg | G121: =VLOOKUP(C121,ANALISA!$B:$I,8,0) -> 268319.9
B122: 105 | C122: PBA4 | D122: A.4.2.1.4. | E122: Pembuatan 1 m2 pintu besi plat baja tebal 2 mm rangkap, rangka baja siku | F122: m2 | G122: =VLOOKUP(C122,ANALISA!$B:$I,8,0) -> 1177428.3
B123: 106 | C123: PBA5 | D123: A.4.2.1.5. | E123: Pengerjaan 10 cm pengelasan dengan las listrik | F123: 10 cm | G123: =VLOOKUP(C123,ANALISA!$B:$I,8,0) -> 141150.98
B124: 107 | C124: PBA6 | D124: A.4.2.1.6. | E124: Pembuatan 1 m2 rangka jendela besi scuare tube/Pipa kotak (25 x 5) cm | F124: m2 | G124: =VLOOKUP(C124,ANALISA!$B:$I,8,0) -> 320302.61
B125: 108 | C125: PBA7 | D125: A.4.2.1.7. | E125: Pemasangan 1 m2 pintu rolling door besi | F125: m2 | G125: =VLOOKUP(C125,ANALISA!$B:$I,8,0) -> 515072.67
B126: 109 | C126: PBA8 | D126: A.4.2.1.8. | E126: Pemasangan 1 m2 pintu lipat (folding door) bahan plastik/PVC | F126: m2 | G126: =VLOOKUP(C126,ANALISA!$B:$I,8,0) -> 358662.87
B127: 110 | C127: PBA9 | D127: A.4.2.1.9. | E127: Pemasangan 1 m2 sunscreen alluminium | F127: m2 | G127: =VLOOKUP(C127,ANALISA!$B:$I,8,0) -> 299771.58
B128: 111 | C128: PBA10 | D128: A.4.2.1.10. | E128: Pemasangan 1 m2 rolling door alluminium | F128: m2 | G128: =VLOOKUP(C128,ANALISA!$B:$I,8,0) -> 490505.25
B129: 112 | C129: PBA11 | D129: A.4.2.1.11. | E129: Pemasangan 1 m kusen pintu alluminium | F129: m' | G129: =VLOOKUP(C129,ANALISA!$B:$I,8,0) -> 88640.14
B130: 113 | C130: PBA12 | D130: A.4.2.1.12. | E130: Pemasangan 1 m2 pintu alluminium strip lebar 8 cm | F130: m2 | G130: =VLOOKUP(C130,ANALISA!$B:$I,8,0) -> 477006.31
... B137: 120 | C137: PBA19 | D137: A.4.2.1.19 | E137: Pemasangan 1 m talang ½ lingkaran D-15 cm, seng plat bjls 30 lebar 45 cm | F137: m' | G137: =VLOOKUP(C137,ANALISA!$B:$I,8,0) -> 114392.46
B138: 121 | C138: PBA20 | D138: A.4.2.1.20. | E138: Pemasangan 1 m2 rangka besi hollow 1x40.40.2mm, modul 60 x 120 cm, dinding partisi | F138: m2 | G138: =VLOOKUP(C138,ANALISA!$B:$I,8,0) -> 211272.58
B139: 122 | C139: PBA21 | D139: A.4.2.1.21. | E139: Pemasangan 1 m2 rangka besi hollow 1x40.40.2mm, modul 60 x 60 cm, plafon | F139: m2 | G139: =VLOOKUP(C139,ANALISA!$B:$I,8,0) -> 247533.51
B140: 123 | C140: PBA22 | D140: A.4.2.1.22. | E140: (K3) Pemasangan 1 m2 atap pelana rangka atap baja canai dingin profil C75 | F140: m2 | G140: =VLOOKUP(C140,ANALISA!$B:$I,8,0) -> 261257.58
...

Sheet ANALISA
C3: ANALISIS HARGA SATUAN PEKERJAAN (AHSP) BIDANG CIPTA KARYA | K3: OVERHEAD | L3: 0.095 | M3: PP | N3: HARGA SATUAN PEKERJAAN PERSIAPAN
M4: PT | N4: HARGA SATUAN PEKERJAAN TANAH
M5: PD | N5: HARGA SATUAN PEKERJAAN PONDASI
C6: ='REKAP ANALISA'!D7 -> HARGA SATUAN PEKERJAAN PERSIAPAN | M6: PB | N6: HARGA SATUAN PEKERJAAN BETON
C7: =VLOOKUP(B28,'REKAP ANALISA'!$C:$G,3,0) -> (K3) Pembuatan 1 m2 pagar sementara dari kayu tinggi 2 meter | M7: PBA | N7: HARGA SATUAN PEKERJAAN BESI DAN ALUMUNIUM
C8: No | D8: Uraian | E8: Kode | F8: Satuan | G8: Koefisien | H8: Harga Satuan | I8: Jumlah Harga | M8: PPD | N8: HARGA SATUAN PEKERJAAN PASANGAN DINDING
C9: A | D9: TENAGA | M9: PPT | N9: HARGA SATUAN PEKERJAAN PLESTERAN
D10: Pekerja | E10: L.01 | F10: OH | G10: 0.4 | H10: =VLOOKUP(E10,UPAH!$C:$F,4,0) -> 93000 | I10: =+G10*H10 -> 37200 | M10: PPL | N10: HARGA SATUAN PEKERJAAN PENUTUP LANTAI DAN PENUTUP DINDING
D11: Tukang Kayu | E11: L.02 | F11: OH | G11: 0.2 | H11: =VLOOKUP(E11,UPAH!$C:$F,4,0) -> 98000 | I11: =+G11*H11 -> 19600 | M11: PLL | N11: HARGA SATUAN PEKERJAAN LANGIT-LANGIT (PLAFOND)
D12: Kepala Tukang | E12: L.03 | F12: OH | G12: 0.02 | H12: =VLOOKUP(E12,UPAH!$C:$F,4,0) -> 106000 | I12: =+G12*H12 -> 2120 | M12: PPA | N12: HARGA SATUAN PEKERJAAN PENUTUP ATAP
D13: Mandor | E13: L.04 | F13: OH | G13: 0.02 | H13: =VLOOKUP(E13,UPAH!$C:$F,4,0) -> 111000 | I13: =+G13*H13 -> 2220 | M13: PK | N13: HARGA SATUAN PEKERJAAN KAYU
F14: JUMLAH TENAGA KERJA | I14: =SUM(I10:I13) -> 61140 | M14: PKK | N14: HARGA SATUAN PEKERJAAN KUNCI DAN KACA
C15: B | D15: BAHAN | M15: PC | N15: HARGA SATUAN PEKERJAAN PENGECATAN
D16: Dolken kayu Ø 8-10/400 cm | E16: M.74 | F16: =VLOOKUP(E16,MATERIAL!$C:$F,3,0) -> Batang | G16: 1.25 | H16: =VLOOKUP(E16,MATERIAL!$C:$F,4,0) -> 62000 | I16: =+G16*H16 -> 77500 | M16: PSD | N16: HARGA SATUAN PEKERJAAN SANITASI DALAM GEDUNG
D17: Semen portland | E17: M.11 | F17: =VLOOKUP(E17,MATERIAL!$C:$F,3,0) -> Kg | G17: 5 | H17: =VLOOKUP(E17,MATERIAL!$C:$F,4,0) -> 1250 | I17: =+G17*H17 -> 6250 | M17: PPP | N17: HARGA SATUAN PEKERJAAN PEMASANGAN PIPA
D18: Pasir beton | E18: M.46 | F18: =VLOOKUP(E18,MATERIAL!$C:$F,3,0) -> m3 | G18: 0.005 | H18: =VLOOKUP(E18,MATERIAL!$C:$F,4,0) -> 103800 | I18: =+G18*H18 -> 519 | M18: PTP | N18: HARGA SATUAN PEKERJAAN PEMOTONGAN PIPA
D19: Koral beton | E19: M.488 | F19: =VLOOKUP(E19,MATERIAL!$C:$F,3,0) -> m3 | G19: 0.009 | H19: =VLOOKUP(E19,MATERIAL!$C:$F,4,0) -> 148400 | I19: =+G19*H19 -> 1335.6 | M19: PAP | N19: HARGA SATUAN PEKERJAAN PEMASANGAN AKSESORIS PIPA
D20: Kayu 5/7 | E20: M.489 | F20: =VLOOKUP(E20,MATERIAL!$C:$F,3,0) -> m3 | G20: 0.072 | H20: =VLOOKUP(E20,MATERIAL!$C:$F,4,0) -> 6871700 | I20: =+G20*H20 -> 494762.4 | M20: PSB | N20: HARGA SATUAN PEKERJAAN PENYAMBUNGAN PIPA BARU KE PIPA LAMA
D21: Paku biasa | E21: M.200 | F21: =VLOOKUP(E21,MATERIAL!$C:$F,3,0) -> Kg | G21: 0.06 | H21: =VLOOKUP(E21,MATERIAL!$C:$F,4,0) -> 18000 | I21: =+G21*H21 -> 1080 | M21: PTS | N21: HARGA SATUAN PEKERJAAN PENGETESAN PIPA
D22: Residu | E22: M.490 | F22: =VLOOKUP(E22,MATERIAL!$C:$F,3,0) -> Liter | G22: 0.4 | H22: =VLOOKUP(E22,MATERIAL!$C:$F,4,0) -> 14500 | I22: =+G22*H22 -> 5800 | M22: PKL | N22: HARGA SATUAN PEKERJAAN ELEKTRIKAL
F23: JUMLAH HARGA BAHAN | I23: =SUM(I16:I22) -> 587247
C24: C | D24: PERALATAN
F25: JUMLAH HARGA ALAT
C26: D | D26: Jumlah (A+B+C) | I26: =I14+I23 -> 648387
C27: E | D27: =+"Overhead & Profit "&$L$3*100&"%" -> Overhead & Profit 9,5% | G27: =$L$3 -> 0.095 | I27: =G27*I26 -> 61596.765
B28: =$M$3&1 -> PP1 | C28: F | D28: Harga Satuan Pekerjaan (D+E) | I28: =SUM(I26:I27) -> 709983.77 | J28: 1
C30: =VLOOKUP(B52,'REKAP ANALISA'!$C:$G,3,0) -> (K3) Pembuatan 1 m2 pagar sementara dari seng gelombang tinggi 2 meter
C31: No | D31: Uraian | E31: Kode | F31: Satuan | G31: Koefisien | H31: Harga Satuan | I31: Jumlah Harga
C32: A | D32: TENAGA
D33: Pekerja | E33: L.01 | F33: OH | G33: 0.2 | H33: =VLOOKUP(E33,UPAH!$C:$F,4,0) -> 93000 | I33: =+G33*H33 -> 18600
D34: Tukang Kayu | E34: L.02 | F34: OH | G34: 0.4 | H34: =VLOOKUP(E34,UPAH!$C:$F,4,0) -> 98000 | I34: =+G34*H34 -> 39200
D35: Kepala Tukang | E35: L.03 | F35: OH | G35: 0.02 | H35: =VLOOKUP(E35,UPAH!$C:$F,4,0) -> 106000 | I35: =+G35*H35 -> 2120
D36: Mandor | E36: L.04 | F36: OH | G36: 0.02 | H36: =VLOOKUP(E36,UPAH!$C:$F,4,0) -> 111000 | I36: =+G36*H36 -> 2220
F37: JUMLAH TENAGA KERJA | I37: =SUM(I33:I36) -> 62140
C38: B | D38: BAHAN
D39: Dolken kayu Ø 8-10/400 cm | E39: M.74 | F39: =VLOOKUP(E39,MATERIAL!$C:$F,3,0) -> Batang | G39: 1.25 | H39: =VLOOKUP(E39,MATERIAL!$C:$F,4,0) -> 62000 | I39: =+G39*H39 -> 77500
D40: Semen portland | E40: M.11 | F40: =VLOOKUP(E40,MATERIAL!$C:$F,3,0) -> Kg | G40: 2.5 | H40: =VLOOKUP(E40,MATERIAL!$C:$F,4,0) -> 1250 | I40: =+G40*H40 -> 3125
D41: Seng gelombang | E41: M.271 | F41: =VLOOKUP(E41,MATERIAL!$C:$F,3,0) -> Lembar | G41: 1.2 | H41: =VLOOKUP(E41,MATERIAL!$C:$F,4,0) -> 106800 | I41: =+G41*H41 -> 128160
D42: Pasir beton | E42: M.46 | F42: =VLOOKUP(E42,MATERIAL!$C:$F,3,0) -> m3 | G42: 0.005 | H42: =VLOOKUP(E42,MATERIAL!$C:$F,4,0) -> 103800 | I42: =+G42*H42 -> 519
D43: Koral beton | E43: M.488 | F43: =VLOOKUP(E43,MATERIAL!$C:$F,3,0) -> m3 | G43: 0.009 | H43: =VLOOKUP(E43,MATERIAL!$C:$F,4,0) -> 148400 | I43: =+G43*H43 -> 1335.6
D44: Kayu 5/7 | E44: M.489 | F44: =VLOOKUP(E44,MATERIAL!$C:$F,3,0) -> m3 | G44: 0.072 | H44: =VLOOKUP(E44,MATERIAL!$C:$F,4,0) -> 6871700 | I44: =+G44*H44 -> 494762.4
D45: Paku biasa | E45: M.200 | F45: =VLOOKUP(E45,MATERIAL!$C:$F,3,0) -> Kg | G45: 0.06 | H45: =VLOOKUP(E45,MATERIAL!$C:$F,4,0) -> 18000 | I45: =+G45*H45 -> 1080
D46: Meni besi | E46: M.369 | F46: =VLOOKUP(E46,MATERIAL!$C:$F,3,0) -> Kg | G46: 0.45 | H46: =VLOOKUP(E46,MATERIAL!$C:$F,4,0) -> 64300 | I46: =+G46*H46 -> 28935
F47: JUMLAH HARGA BAHAN | I47: =SUM(I39:I46) -> 735417
C48: C | D48: PERALATAN
F49: JUMLAH HARGA ALAT
C50: D | D50: Jumlah (A+B+C) | I50: =I37+I47 -> 797557
C51: E | D51: =+"Overhead & Profit "&$L$3*100&"%" -> Overhead & Profit 9,5% | G51: =$L$3 -> 0.095 | I51: =G51*I50 -> 75767.915
B52: =$M$3&2 -> PP2 | C52: F | D52: Harga Satuan Pekerjaan (D+E) | I52: =SUM(I50:I51) -> 873324.92 | J52: 2
C54: =VLOOKUP(B74,'REKAP ANALISA'!$C:$G,3,0) -> Pembuatan 1 m2 pagar sementara dari kawat duri tinggi 1,8 meter
C55: No | D55: Uraian | E55: Kode | F55: Satuan | G55: Koefisien | H55: Harga Satuan | I55: Jumlah Harga
C56: A | D56: TENAGA
D57: Pekerja | E57: L.01 | F57: OH | G57: 0.2 | H57: =VLOOKUP(E57,UPAH!$C:$F,4,0) -> 93000 | I57: =+G57*H57 -> 18600
D58: Tukang Kayu | E58: L.02 | F58: OH | G58: 0.3 | H58: =VLOOKUP(E58,UPAH!$C:$F,4,0) -> 98000 | I58: =+G58*H58 -> 29400
D59: Kepala Tukang | E59: L.03 | F59: OH | G59: 0.02 | H59: =VLOOKUP(E59,UPAH!$C:$F,4,0) -> 106000 | I59: =+G59*H59 -> 2120
D60: Mandor | E60: L.04 | F60: OH | G60: 0.02 | H60: =VLOOKUP(E60,UPAH!$C:$F,4,0) -> 111000 | I60: =+G60*H60 -> 2220
F61: JUMLAH TENAGA KERJA | I61: =SUM(I57:I60) -> 52340
C62: B | D62: BAHAN
D63: Dolken kayu Ø 8-10/400 cm | E63: M.74 | F63: =VLOOKUP(E63,MATERIAL!$C:$F,3,0) -> Batang | G63: 1 | H63: =VLOOKUP(E63,MATERIAL!$C:$F,4,0) -> 62000 | I63: =+G63*H63 -> 62000
D64: Semen portland | E64: M.11 | F64: =VLOOKUP(E64,MATERIAL!$C:$F,3,0) -> Kg | G64: 2 | H64: =VLOOKUP(E64,MATERIAL!$C:$F,4,0) -> 1250 | I64: =+G64*H64 -> 2500
D65: Kawat duri | E65: M.491 | F65: =VLOOKUP(E65,MATERIAL!$C:$F,3,0) -> M’ | G65: 25 | H65: =VLOOKUP(E65,MATERIAL!$C:$F,4,0) -> 11900 | I65: =+G65*H65 -> 297500
D66: Pasir beton | E66: M.46 | F66: =VLOOKUP(E66,MATERIAL!$C:$F,3,0) -> m3 | G66: 0.005 | H66: =VLOOKUP(E66,MATERIAL!$C:$F,4,0) -> 103800 | I66: =+G66*H66 -> 519
D67: Koral beton | E67: M.488 | F67: =VLOOKUP(E67,MATERIAL!$C:$F,3,0) -> m3 | G67: 0.009 | H67: =VLOOKUP(E67,MATERIAL!$C:$F,4,0) -> 148400 | I67: =+G67*H67 -> 1335.6
D68: Paku biasa 2” - 5” | E68: M.200 | F68: =VLOOKUP(E68,MATERIAL!$C:$F,3,0) -> Kg | G68: 0.06 | H68: =VLOOKUP(E68,MATERIAL!$C:$F,4,0) -> 18000 | I68: =+G68*H68 -> 1080
F69: JUMLAH HARGA BAHAN | I69: =SUM(I63:I68) -> 364934.6
C70: C | D70: PERALATAN
F71: JUMLAH HARGA ALAT
C72: D | D72: Jumlah (A+B+C) | I72: =I61+I69 -> 417274.6
C73: E | D73: =+"Overhead & Profit "&$L$3*100&"%" -> Overhead & Profit 9,5% | G73: =$L$3 -> 0.095 | I73: =G73*I72 -> 39641.087
B74: =$M$3&3 -> PP3 | C74: F | D74: Harga Satuan Pekerjaan (D+E) | I74: =SUM(I72:I73) -> 456915.69 | J74: 3
C76: =VLOOKUP(B93,'REKAP ANALISA'!$C:$G,3,0) -> Pengukuran dan pemasangan 1 m’ Bouwplank
C77: No | D77: Uraian | E77: Kode | F77: Satuan | G77: Koefisien | H77: Harga Satuan | I77: Jumlah Harga
C78: A | D78: TENAGA
D79: Pekerja | E79: L.01 | F79: OH | G79: 0.1 | H79: =VLOOKUP(E79,UPAH!$C:$F,4,0) -> 93000 | I79: =+G79*H79 -> 9300
D80: Tukang Kayu | E80: L.02 | F80: OH | G80: 0.1 | H80: =VLOOKUP(E80,UPAH!$C:$F,4,0) -> 98000 | I80: =+G80*H80 -> 9800
D81: Kepala Tukang | E81: L.03 | F81: OH | G81: 0.01 | H81: =VLOOKUP(E81,UPAH!$C:$F,4,0) -> 106000 | I81: =+G81*H81 -> 1060
D82: Mandor | E82: L.04 | F82: OH | G82: 0.005 | H82: =VLOOKUP(E82,UPAH!$C:$F,4,0) -> 111000 | I82: =+G82*H82 -> 555
F83: JUMLAH TENAGA KERJA | I83: =SUM(I79:I82) -> 20715
C84: B | D84: BAHAN
D85: Kayu balok 5/7 | E85: M.79 | F85: =VLOOKUP(E85,MATERIAL!$C:$F,3,0) -> m3 | G85: 0.012 | H85: =VLOOKUP(E85,MATERIAL!$C:$F,4,0) -> 8811600 | I85: =+G85*H85 -> 105739.2
D86: M.200 | E86: M.200 | F86: =VLOOKUP(E86,MATERIAL!$C:$F,3,0) -> Kg | G86: 0.02 | H86: =VLOOKUP(E86,MATERIAL!$C:$F,4,0) -> 18000 | I86: =+G86*H86 -> 360
D87: Kayu papan 3/20 | E87: M.80 | F87: =VLOOKUP(E87,MATERIAL!$C:$F,3,0) -> m3 | G87: 0.007 | H87: =VLOOKUP(E87,MATERIAL!$C:$F,4,0) -> 10102300 | I87: =+G87*H87 -> 70716.1
F88: JUMLAH HARGA BAHAN | I88: =SUM(I85:I87) -> 176815.3
C89: C | D89: PERALATAN
F90: JUMLAH HARGA ALAT
C91: D | D91: Jumlah (A+B+C) | I91: =I83+I88 -> 197530.3
C92: E | D92: =+"Overhead & Profit "&$L$3*100&"%" -> Overhead & Profit 9,5% | G92: =$L$3 -> 0.095 | I92: =G92*I91 -> 18765.378
B93: =$M$3&4 -> PP4 | C93: F | D93: Harga Satuan Pekerjaan (D+E) | I93: =SUM(I91:I92) -> 216295.68 | J93: 4
C95: =VLOOKUP(B124,'REKAP ANALISA'!$C:$G,3,0) -> (K3) Pembuatan 1 m2 kantor sementara lantai plesteran
C96: No | D96: Uraian | E96: Kode | F96: Satuan | G96: Koefisien | H96: Harga Satuan | I96: Jumlah Harga
C97: A | D97: TENAGA
D98: Pekerja | E98: L.01 | F98: OH | G98: 2 | H98: =VLOOKUP(E98,UPAH!$C:$F,4,0) -> 93000 | I98: =+G98*H98 -> 186000
D99: Tukang Kayu | E99: L.02 | F99: OH | G99: 2 | H99: =VLOOKUP(E99,UPAH!$C:$F,4,0) -> 98000 | I99: =+G99*H99 -> 196000
D100: Tukang Batu | E100: L.02 | F100: OH | G100: 1 | H100: =VLOOKUP(E100,UPAH!$C:$F,4,0) -> 98000 | I100: =+G100*H100 -> 98000
D101: Kepala Tukang | E101: L.03 | F101: OH | G101: 0.3 | H101: =VLOOKUP(E101,UPAH!$C:$F,4,0) -> 106000 | I101: =+G101*H101 -> 31800
D102: Mandor | E102: L.04 | F102: OH | G102: 0.05 | H102: =VLOOKUP(E102,UPAH!$C:$F,4,0) -> 111000 | I102: =+G102*H102 -> 5550
F103: JUMLAH TENAGA KERJA | I103: =SUM(I98:I102) -> 517350
C104: B | D104: BAHAN
D105: Dolken kayu Ø 8-10/400 cm | E105: M.74 | F105: =VLOOKUP(E105,MATERIAL!$C:$F,3,0) -> Batang | G105: 1.25 | H105: =VLOOKUP(E105,MATERIAL!$C:$F,4,0) -> 62000 | I105: =+G105*H105 -> 77500
D106: Kayu balok 5/7 | E106: M.79 | F106: =VLOOKUP(E106,MATERIAL!$C:$F,3,0) -> m3 | G106: 0.18 | H106: =VLOOKUP(E106,MATERIAL!$C:$F,4,0) -> 8811600 | I106: =+G106*H106 -> 1586088
...

Sheet UPAH
B1: HARGA SATUAN DASAR TENAGA KERJA KABUPATEN JEMBER
B3: No | C3: Kode | D3: Uraian | E3: Satuan | F3: Harga Satuan Dasar (HSD) (Rp.) | G3: Keterangan
B4: 1 | C4: 2 | D4: 3 | E4: 4 | F4: 5 | G4: 6
B5: I | D5: UPAH TENAGA KERJA
B6: 1 | C6: L.01 | D6: Pekerja | E6: OH | F6: 93000
B7: 2 | C7: L.02 | D7: Tukang | E7: OH | F7: =+F6+5000 -> 98000
B8: 3 | C8: L.03 | D8: Kepala Tukang | E8: OH | F8: =+F7+8000 -> 106000
B9: 4 | C9: L.04 | D9: Mandor | E9: OH | F9: =+F8+5000 -> 111000
B10: 5 | C10: L.05 | D10: Juru Ukur, Operator/Mekanik Alat Berat/Teknisi | E10: OH | F10: 158700
B11: 6 | C11: L.06 | D11: Pembantu Juru Ukur & Operator/Mekanik Alat Berat | E11: OH | F11: 119100
B12: 7 | C12: L.07 | D12: Ahli Muda | E12: OH | F12: 158800
B13: 8 | C13: L.08 | D13: Ahli Madya | E13: OH | F13: 317500
B14: 9 | C14: L.09 | D14: Ahli Utama | E14: OH | F14: 555700
B15: 10 | C15: L.10 | D15: Supir Truck | E15: OH | F15: 141700
B16: 11 | C16: L.11 | D16: Supir Kendaraan < 2 Ton (Termasuk Sedan) | E16: OH | F16: 141700
B17: 12 | C17: L.12 | D17: Kenek | E17: OH | F17: 113300
B18: 13 | C18: L.13 | D18: Penjaga Malam/Satpam | E18: OH | F18: 79400
B19: 14 | C19: L.14 | D19: Drafter Cad/Manual | E19: OH | F19: 119100
B20: 15 | C20: L.15 | D20: Desain Engineer | E20: OH | F20: 158800
B21: 16 | C21: L.16 | D21: Operator Komputer/Printer/Ploter | E21: OH | F21: 119100
B22: 17 | C22: L.01.a | D22: Pekerja | E22: Jam | F22: =+F6/8 -> 11625
B23: 18 | C23: L.02.a | D23: Tukang | E23: Jam | F23: =+F7/8 -> 12250
B24: 19 | C24: L.03.a | D24: Kepala Tukang | E24: Jam | F24: =+F8/8 -> 13250
B25: 20 | C25: L.04.a | D25: Mandor | E25: Jam | F25: =+F9/8 -> 13875
B26: 21 | C26: L.05.a | D26: Juru Ukur, Operator/Mekanik Alat Berat/Teknisi | E26: Jam | F26: =+F10/8 -> 19837.5
B27: 22 | C27: L.06.a | D27: Pembantu Juru Ukur & Operator/Mekanik Alat Berat | E27: Jam | F27: =+F11/8 -> 14887.5
B28: 23 | C28: L.07.a | D28: Ahli Muda | E28: Jam | F28: 22685.71
B29: 24 | C29: L.08.a | D29: Ahli Madya | E29: Jam | F29: 45357.14
B30: 25 | C30: L.09.a | D30: Ahli Utama | E30: Jam | F30: 79385.71
B31: 26 | C31: L.10.a | D31: Supir Truck | E31: Jam | F31: 20242.86
B32: 27 | C32: L.11.a | D32: Supir Kendaraan < 2 Ton (Termasuk Sedan) | E32: Jam | F32: 20242.86
B33: 28 | C33: L.12.a | D33: Kenek | E33: Jam | F33: 16185.71
B34: 29 | C34: L.13.a | D34: Penjaga Malam/Satpam | E34: Jam | F34: 11342.86
B35: 30 | C35: L.14.a | D35: Drafter Cad/Manual | E35: Jam | F35: 17014.29
B36: 31 | C36: L.15.a | D36: Desain Engineer | E36: Jam | F36: 22685.71
B37: 32 | C37: L.16.a | D37: Operator Komputer/Printer/Ploter | E37: Jam | F37: 17014.29

Sheet MATERIAL
B1: HARGA SATUAN DASAR BAHAN BANGUNAN KABUPATEN JEMBER
B3: No | C3: Kode | D3: Uraian | E3: Satuan | F3: Harga Satuan (Rp.) | G3: Keterangan
B4: A | D4: KELOMPOK AIR, TANAH, BATU DAN SEMEN
B5: 1 | C5: M.01 | D5: Abu Batu | E5: m3 | F5: 293400
B6: 2 | C6: M.02 | D6: Air | E6: m3 | F6: 1
B7: 3 | C7: M.03 | D7: Ampelas Halus | E7: m' | F7: 15400
B8: 4 | C8: M.04 | D8: Ampelas Sedang | E8: m' | F8: 13000
B9: 5 | C9: M.05 | D9: Ampelas Kasar | E9: m' | F9: 10700
B10: 6 | C10: M.06 | D10: Bahan Aditif (Caldbon, Strorox, Dan Lain-Lain) | E10: L | F10: 76200
B11: 7 | C11: M.07 | D11: Batu Bata / Merah Bakar Kelas I | E11: Buah | F11: 700
B12: 8 | C12: M.08 | D12: Batu Bata / Merah Bakar Kelas Ii | E12: Buah | F12: 600
B13: 9 | C13: M.09 | D13: Batu Bata / Merah Bakar Kw Biasa | E13: Buah | F13: 600
B14: 10 | C14: M.10 | D14: Batu Bata / Merah Bakar Pres | E14: Buah | F14: 700
B15: 11 | C15: M.11 | D15: Portland Cement | E15: Kg | F15: 1250
B16: 12 | C16: M.12 | D16: Batu / Batu Kali/ Batu Belah | E16: m3 | F16: 277500
... B75: 71 | C75: M.71 | D75: Turap Beton Tulang Pre-Cast 22X50 Cm | E75: m | F75: 545100
F76: -
B77: B | D77: Kelompok Kayu | F77: -
B78: 1 | C78: M.72 | D78: Bambu Ø 2", Panjang 4 M | E78: Batang | F78: 16600
B79: 2 | C79: M.73 | D79: Bambu ø 8 - 10 cm | E79: Batang | F79: 27900
B80: 3 | C80: M.74 | D80: Dolken Kayu Galam Ø 8-10 Cm, Panjang 4M (Tiang Pancang) | E80: Batang | F80: 62000
B81: 4 | C81: M.75 | D81: Dolken Kayu Galam Ø 6-8 Cm, Panjang 4M (Tiang Pancang) | E81: Batang | F81: 98300
B82: 5 | C82: M.76 | D82: Dolken Kayu Klas Iii Ø 5 - 7 Cm, Panjang 3 M (Stoot) | E82: Batang | F82: 25400
B83: 6 | C83: M.77 | D83: Dolken Kayu Klas Iii Ø 7 -10 Cm, Panjang 4 M (Stoot) | E83: Batang | F83: 44600
B84: 7 | C84: M.78 | D84: Ijuk Tebal 5 Cm | E84: Kg | F84: 14000
B85: 8 | C85: M.79 | D85: Kayu Balok Kelas 1 | E85: m3 | F85: 8811600
B86: 9 | C86: M.80 | D86: Kayu Papan Kelas 1 | E86: m3 | F86: 10102300
B87: 10 | C87: M.81 | D87: Kayu Jati Balok Kualitas Tinggi | E87: m3 | F87: 11247600
B88: 11 | C88: M.82 | D88: Kayu Jati Balok Kualitas Sedang | E88: m3 | F88: 8624200
B89: 12 | C89: M.83 | D89: Kayu Jati Papan Kualitas Tinggi | E89: m3 | F89: 13845000
... B122: 45 | C122: M.116 | D122: Tusuk Bamboo | E122: Buah | F122: 1500
F123: -
D124: Kelompok Logam | F124: -
B125: 1 | C125: M.117 | D125: Alat Penyambung Tiang Pancang Kayu Gelondongan | E125: Buah | F125: 111300
B126: 2 | C126: M.118 | D126: Alat Penyambung Turap Papan Kayu 3/10 Cm | E126: Buah | F126: 13800
B127: 3 | C127: M.119 | D127: Alat Penyambung Turap Papan Kayu 3/20 Cm | E127: Buah | F127: 27600
B128: 4 | C128: M.120 | D128: Alat Penyambung Turap Papan Kayu 3/25 Cm | E128: Buah | F128: 41800
B129: 5 | C129: M.121 | D129: Alat Penyambung Turap Papan Kayu 3/30 Cm | E129: Buah | F129: 56200
B130: 6 | C130: M.122 | D130: Alat Penyambung Tiang Pancang Dolken | E130: Buah | F130: 21100
B131: 7 | C131: M.123 | D131: Alat Penyambung Tiang Pancang Kaso 5/7 | E131: Buah | F131: 15600
B132: 8 | C132: M.124 | D132: Alat Penyambung Tiang Pancang Balok 8/12 | E132: Buah | F132: 34900
B133: 9 | C133: M.125 | D133: Alat Penyambung Tiang Pancang Beton Ø 20 Cm Atau 20 X 20Cm | E133: Buah | F133: 55900
B134: 10 | C134: M.126 | D134: Alat Penyambung Tiang Pancang Beton Ø 25 Cm Atau 25 X 25Cm | E134: Buah | F134: 84600
B135: 11 | C135: M.127 | D135: Alat Penyambung Tiang Pancang Beton Ø 30 Cm Atau 30 X 30 Cm | E135: Buah | F135: 113900
B136: 12 | C136: M.128 | D136: Alat Penyambung Tiang Pancang Beton Ø 40 Cm Atau 40 X 40Cm | E136: Buah | F136: 168800
... B313: 189 | C313: M.305 | D313: Wiremesh Untuk Bronjong Ø 10 Mm (Buatan Pabrik) | E313: Kg | F313: 37900
F314: -
D315: Kelompok Pipa | F315: -
B316: 1 | C316: M.306 | D316: Pipa Black Steel Ø 1/2" | E316: m' | F316: 2300
B317: 2 | C317: M.307 | D317: Pipa Black Steel Ø 3/4" | E317: m' | F317: 4100
B318: 3 | C318: M.308 | D318: Pipa Black Steel Ø 1" | E318: m' | F318: 6400
B319: 4 | C319: M.309 | D319: Pipa Black Steel Ø 1,5" | E319: m' | F319: 11900
B320: 5 | C320: M.310 | D320: Pipa Black Steel Ø 2,5" | E320: m' | F320: 17500
B321: 6 | C321: M.311 | D321: Pipa Black Steel Ø 2" | E321: m' | F321: 23600
B322: 7 | C322: M.312 | D322: Pipa Black Steel Ø 3" | E322: m' | F322: 39000
B323: 8 | C323: M.313 | D323: Pipa Black Steel Ø 4" | E323: m' | F323: 64600
B324: 9 | C324: M.314 | D324: Pipa Black Steel Ø 6" | E324: m' | F324: 111700
B325: 10 | C325: M.315 | D325: Pipa Black Steel Ø 8" | E325: m' | F325: 212900
B326: 11 | C326: M.316 | D326: Pipa Dci Ø 4" | E326: m' | F326: 137600
B327: 12 | C327: M.317 | D327: Pipa Dci Ø 6" | E327: m' | F327: 305200
... B339: 24 | C339: M.329 | D339: Pipa Gi Medium Class Ø 3/4" | E339: m' | F339: 34800
B340: 25 | C340: M.330 | D340: Pipa Gi Medium Class Ø 1 1/2" | E340: m' | F340: 73400 | I340: =+F340-F339 -> 38600 | J340: =+I340/2 -> 19300 | K340: =+F339+J340 -> 54100
B341: 26 | C341: M.331 | D341: Pipa Gi Medium Class Ø 2" | E341: m' | F341: 90500
B342: 27 | C342: M.332 | D342: Pipa Gi Medium Class Ø 2 1/2" | E342: m' | F342: 112700
B343: 28 | C343: M.333 | D343: Pipa Gi Medium Class Ø 3" | E343: m' | F343: 147500
B344: 29 | C344: M.334 | D344: Pipa Gi Medium Class Ø 4" | E344: m' | F344: 217000
B345: 30 | C345: M.335 | D345: Pipa Pvc Ø 20 Mm S.10 | E345: m' | F345: 20500
B346: 31 | C346: M.336 | D346: Pipa Pvc Ø 25 Mm S.10 | E346: m' | F346: 27800
B347: 32 | C347: M.337 | D347: Pipa Pvc Ø 32 Mm S.10 | E347: m' | F347: 37800
B348: 33 | C348: M.338 | D348: Pipa Pvc Ø 40 Mm S.10 | E348: m' | F348: 56400
B349: 34 | C349: M.339 | D349: Pipa Pvc Ø 50 Mm S.10 | E349: m' | F349: 64600
B350: 35 | C350: M.340 | D350: Pipa Pvc Ø 63 Mm S.12,5 | E350: m' | F350: 83200
B351: 36 | C351: M.341 | D351: Pipa Pvc Ø 75 Mm S.12,5 | E351: m' | F351: 119800
B352: 37 | C352: M.342 | D352: Pipa Pvc Ø 90 Mm S.12,5 | E352: m' | F352: 160700
... B366: 51 | C366: M.356 | D366: Screen 8'' Low Carbon | E366: Buah | F366: 4582100
F367: -
D368: Material Lain | F368: -
B369: 1 | C369: M.357 | D369: Ajir Acuan Tanaman | E369: Buah | F369: 2800
B370: 2 | C370: M.358 | D370: Asbes Gelombang Besar Uk. 105 X 180, 5 Mm | E370: Lembar | F370: 69300
B371: 3 | C371: M.359 | D371: Asbes Gelombang Kecil Uk. 80 X 180, 4 Mm | E371: Lembar | F371: 55700
B372: 4 | C372: M.360 | D372: Asbes Ukuran 1 X 1 M2 | E372: Lembar | F372: 10400
B373: 5 | C373: M.361 | D373: Aspal Panas | E373: Kg | F373: 13800
B374: 6 | C374: M.362 | D374: Banner Plastik Printed Tahan Air | E374: m2 | F374: 173900
B375: 7 | C375: M.363 | D375: Banner Plastik Printed Tahan Air Dan Cuaca | E375: m2 | F375: 217700
B376: 8 | C376: M.364 | D376: Bbm Bersubsidi | E376: L | F376: 8400
B377: 9 | C377: M.365 | D377: Bbm Non Subsidi | E377: L | F377: 10500
B378: 10 | C378: M.366 | D378: Bibit Mangrove | E378: Pohon | F378: 5000
B379: 11 | C379: M.367 | D379: Cat Besi | E379: Kg | F379: 81000
B380: 12 | C380: M.368 | D380: Cat Kayu | E380: Kg | F380: 81400
... B913: 545 | C913: M.900 | D913: Kabel 3 x 2.55 mm | E913: m | F913: 8200
D915: BAHAN TAMBAHAN
C916: BT.1 | D916: HB-20 | E916: Bh | F916: 3573.33
C917: BT.2 | D917: HB-15 | E917: Bh | F917: 3256.37
C918: BT.3 | D918: HB-10 | E918: Bh | F918: 2920
C919: BT.4 | D919: MCB 10 Amp | E919: bh | F919: 62133.75
C920: BT.5 | D920: LED Strip | E920: Rol | F920: 242400
C921: BT.6 | D921: Adaptor | E921: Bh | F921: 21500
C922: BT.7 | D922: Exhaust Fan 8" | E922: Bh | F922: 265300
C923: BT.8 | D923: Selang Aluminium Fleksibel 8" | E923: Rol | F923: 315000
C924: BT.9 | D924: Kabel Tray | E924: Ljr | F924: 605800
...
